Profile,Profile_no,Stage,Datetime,Latitude,Longitude,MLD,Sun_angle,Kd380,Kd443,Kd490,Kd555
1,1,190,07-Nov-2023 21:06:34,55.0636376666667,14.3278063333333,9.8,-46.8441888092859,NaN,NaN,NaN,NaN
1,1,590,07-Nov-2023 22:55:57,55.0662751666667,14.3297041666667,32.2,-51.3070386370318,NaN,NaN,NaN,NaN
2,2,190,07-Nov-2023 23:19:01,55.0662751666667,14.3297041666667,31.4,-50.848133021408,NaN,NaN,NaN,NaN
2,2,590,08-Nov-2023 00:57:34,55.0692208333333,14.3291288333333,30,-43.922280890687,NaN,NaN,NaN,NaN
3,3,190,08-Nov-2023 01:19:33,55.0692208333333,14.3291288333333,32.4,-41.5384944850364,NaN,NaN,NaN,NaN
3,3,590,08-Nov-2023 03:09:33,55.0724966666667,14.330601,15.6,-27.2296230529953,NaN,NaN,NaN,NaN
4,4,190,08-Nov-2023 03:33:54,55.0724966666667,14.330601,33.2,-23.781414091776,NaN,NaN,NaN,NaN
4,4,590,08-Nov-2023 05:20:35,55.0750515,14.3359101666667,21.2,-8.69287729439475,NaN,NaN,NaN,NaN
5,5,190,08-Nov-2023 05:44:43,55.0750515,14.3359101666667,33.4,-5.42874965832737,NaN,NaN,NaN,NaN
5,5,590,08-Nov-2023 07:35:28,55.0767158333333,14.3430655,25.6,7.82033021816962,NaN,0.401160702627109,0.243802522777502,0.207425939979853
6,6,190,08-Nov-2023 08:02:23,55.0767158333333,14.3430655,28.8,10.4289026317833,NaN,NaN,NaN,NaN
6,6,590,08-Nov-2023 11:20:33,55.0777123333333,14.3548828333333,28,17.9854158302377,NaN,0.385671111292277,0.228349289274614,0.193576380386959
7,7,190,08-Nov-2023 11:48:07,55.0777123333333,14.3548828333333,10,17.155249950338,0.982106805888339,NaN,NaN,NaN
7,7,590,09-Nov-2023 12:37:33,55.110461,14.5062088333333,30.2,14.211225717829,NaN,0.366203410178779,0.202443497369641,0.166967062663292
8,8,190,09-Nov-2023 13:05:11,55.110461,14.5062088333333,29.4,12.1837980934879,NaN,NaN,NaN,NaN
8,8,590,10-Nov-2023 12:37:27,55.1060636666667,14.5105218333333,35.6,13.9533128201761,NaN,0.405655704237937,0.231367474902609,0.193110277903523
9,9,190,10-Nov-2023 13:00:32,55.1060636666667,14.5105218333333,35.4,12.2930873280303,1.02288379756691,0.404503149995943,0.247247617438097,0.224471628169263
9,9,590,11-Nov-2023 12:39:20,55.1013923333333,14.520278,30,13.5692653152089,1.08463785425388,0.43490430023492,0.241168725591979,0.203243331868185
10,10,190,11-Nov-2023 13:04:56,55.1013923333333,14.520278,30,11.6932624778347,1.07511147279978,0.433799853454364,0.250513084168324,0.215212950889939
10,10,590,12-Nov-2023 12:36:02,55.0928265,14.5232945,13.6,13.5386165903191,1.08788339847728,0.406940445036368,0.234695991170136,0.19357834666658
11,11,190,12-Nov-2023 13:00:32,55.0928265,14.5232945,11,11.7958856012445,1.03324686205277,0.397964077304232,0.230778438774399,0.18814453415622
11,11,590,13-Nov-2023 12:39:28,55.0866893333333,14.521662,20.2,13.0709087320312,1.09866616725097,0.417558796013223,0.22392138005375,0.191502116699402
12,12,190,13-Nov-2023 13:03:50,55.0866893333333,14.521662,20,11.301275380546,1.06669501852531,0.409275734093716,0.237125980348777,0.202305422538593
12,12,590,14-Nov-2023 12:38:06,55.0821826666667,14.5193915,21,12.9215950256652,1.09492939493054,0.390623791862518,0.191898256237095,0.154764458161767
13,13,190,14-Nov-2023 13:01:30,55.0821826666667,14.5193915,18.4,11.2493548228813,1.05046582079537,0.402349058966504,NaN,NaN
13,13,590,15-Nov-2023 12:40:03,55.0700851666667,14.518581,21,12.5670383068147,NaN,0.423286060635124,0.218353802429008,0.170544972010089
14,14,190,15-Nov-2023 13:04:45,55.0700851666667,14.518581,21,10.777020144638,1.00456688575056,0.405592497385158,0.241394503775021,0.195564776371257
14,14,590,16-Nov-2023 12:38:54,55.0606426666667,14.5268275,32,12.4182386813488,NaN,0.354589017480051,0.188571308929928,0.151051159558812
15,15,190,16-Nov-2023 13:12:02,55.0606426666667,14.5268275,31.8,9.97371900606279,1.00441111391601,0.403596477255077,0.240857643028123,0.214311825091946
15,15,590,21-Nov-2023 12:42:05,55.0640896666667,14.5247663333333,30.2,11.1490799732546,1.08002093266442,0.39985570680618,0.219803509542937,0.197527515982361
16,16,190,21-Nov-2023 13:07:26,55.0640896666667,14.5247663333333,30.4,9.32011307625777,0.976869893657149,0.357795843961927,0.198450002176598,0.169194655091288
16,16,590,26-Nov-2023 13:06:28,55.0687123333333,14.5371133333333,23.4,8.53088604436353,1.10815875580643,0.466240068570016,0.260810076546575,0.221097597855101
17,17,190,26-Nov-2023 13:31:02,55.0687123333333,14.5371133333333,21.8,6.51480926125486,1.16757939653279,0.453450804956722,0.25881263247759,0.21847816455913
17,17,590,01-Dec-2023 12:39:03,55.0626885,14.5476206666667,11,9.72189128625721,1.05592465951947,0.409341456358198,0.232157683501567,0.191308121130452
18,18,190,01-Dec-2023 13:09:20,55.0626885,14.5476206666667,16,7.63070656568455,1.0488543211968,0.403722235836813,0.236396320366009,0.198893448866207
18,18,590,06-Dec-2023 12:39:28,55.0604481666667,14.5466781666667,31.6,9.15611421420803,NaN,0.330087114396284,0.201423443769633,0.175046239082832
19,19,190,06-Dec-2023 13:05:53,55.0604481666667,14.5466781666667,31.2,7.38945379711826,NaN,0.359252204171869,NaN,NaN
19,19,590,11-Dec-2023 12:37:03,55.0616936666667,14.5477595,30.4,8.93848930922402,0.985368573156821,0.331231970649531,0.189314272642346,0.163585452993441
20,20,190,11-Dec-2023 13:01:47,55.0616936666667,14.5477595,30.6,7.35993364390287,0.941159008433061,0.349963269150079,0.207046494830087,0.18187996145217
20,20,590,16-Dec-2023 12:36:28,55.0618188333333,14.5597771666667,17.2,8.79584408015519,NaN,0.357803367620804,0.202308655790328,0.174406605000743
21,21,190,16-Dec-2023 13:00:16,55.0618188333333,14.5597771666667,16.6,7.32428384937506,1.13880591316207,NaN,NaN,NaN
21,21,590,21-Dec-2023 12:47:52,55.0656108333333,14.5817161666667,18.8,8.15111389312755,NaN,0.444192321714957,0.305096120795625,0.279335075190941
22,22,190,21-Dec-2023 13:19:39,55.0656108333333,14.5817161666667,20.2,5.98356479819768,NaN,NaN,NaN,NaN
22,22,590,26-Dec-2023 12:42:57,55.06612,14.5923693333333,20,8.65186298510735,NaN,0.336320493703861,0.180960978031049,0.165455788249476
23,23,190,26-Dec-2023 13:12:44,55.06612,14.5923693333333,18.6,6.74281810863483,NaN,0.348563407859313,0.24790357076171,0.230164490561976
23,23,590,31-Dec-2023 12:42:44,55.066024,14.586549,14.2,9.06418547770913,0.983930772951458,0.345690078774664,0.197032406633661,0.17691848053816
24,24,190,31-Dec-2023 13:07:53,55.066024,14.586549,21.4,7.51117020039159,NaN,0.400628128273026,0.215922674447302,0.191115893702889
24,24,590,05-Jan-2024 14:04:05,55.187637,14.6436316666667,22.4,3.49004323515992,1.38222796578295,0.627990246493505,0.377627356482568,0.296417574296757
25,25,190,05-Jan-2024 14:33:44,55.187637,14.6436316666667,NaN,0.585571740532284,NaN,NaN,NaN,NaN
25,25,590,05-Jan-2024 20:02:21,55.1645746666667,14.6203988333333,NaN,-42.9182829756794,NaN,NaN,NaN,NaN
26,26,190,05-Jan-2024 20:29:34,55.1645746666667,14.6203988333333,28.4,-46.3322780947616,NaN,NaN,NaN,NaN
26,26,590,07-Jan-2024 04:41:42,55.1771396666667,14.6279051666667,13.2,-21.8627715703022,NaN,NaN,NaN,NaN
27,27,190,07-Jan-2024 05:07:56,55.1771396666667,14.6279051666667,23,-18.1868624343619,NaN,NaN,NaN,NaN
27,27,590,07-Jan-2024 10:38:33,55.1593141666667,14.6419731666667,NaN,12.1881562425341,NaN,NaN,NaN,NaN
28,28,190,07-Jan-2024 11:03:13,55.1593141666667,14.6419731666667,NaN,12.4309346268223,NaN,NaN,NaN,NaN
28,28,590,07-Jan-2024 16:32:02,55.1253275,14.6106855,NaN,-13.3205694479418,NaN,NaN,NaN,NaN
29,29,190,07-Jan-2024 16:58:46,55.1253275,14.6106855,12,-16.9590830254214,NaN,NaN,NaN,NaN
29,29,590,07-Jan-2024 18:26:51,55.1142035,14.5964176666667,11.8,-29.4059393542717,NaN,NaN,NaN,NaN
30,30,190,07-Jan-2024 18:52:16,55.1142035,14.5964176666667,13.6,-33.0217643555446,NaN,NaN,NaN,NaN
30,30,590,07-Jan-2024 20:21:33,55.1040831666667,14.5767831666667,12.4,-45.0489556215378,NaN,NaN,NaN,NaN
31,31,190,07-Jan-2024 20:48:59,55.1040831666667,14.5767831666667,13,-48.31158438417,NaN,NaN,NaN,NaN
31,31,590,07-Jan-2024 22:17:56,55.0949471666667,14.550048,13.2,-55.9393830123226,NaN,NaN,NaN,NaN
32,32,190,07-Jan-2024 22:46:22,55.0949471666667,14.550048,13,-56.9976315299921,NaN,NaN,NaN,NaN
32,32,590,08-Jan-2024 00:14:03,55.0880743333333,14.516707,13,-55.0158140753098,NaN,NaN,NaN,NaN
33,33,190,08-Jan-2024 00:41:34,55.0880743333333,14.516707,13.4,-52.9070225800395,NaN,NaN,NaN,NaN
33,33,590,08-Jan-2024 02:11:56,55.0835733333333,14.4818613333333,14.2,-42.8434854493581,NaN,NaN,NaN,NaN
34,34,190,08-Jan-2024 02:37:58,55.0835733333333,14.4818613333333,14.8,-39.3865964138032,NaN,NaN,NaN,NaN
34,34,590,08-Jan-2024 04:05:05,55.081281,14.4477401666667,15.6,-27.1365923672718,NaN,NaN,NaN,NaN
35,35,190,08-Jan-2024 04:31:05,55.081281,14.4477401666667,14.8,-23.4224753033883,NaN,NaN,NaN,NaN
35,35,590,08-Jan-2024 06:01:06,55.0828355,14.4201073333333,13.4,-11.01836561128,NaN,NaN,NaN,NaN
36,36,190,08-Jan-2024 06:26:19,55.0828355,14.4201073333333,17.8,-7.7704296142676,NaN,NaN,NaN,NaN
36,36,590,08-Jan-2024 07:58:03,55.0888168333333,14.396055,16.4,2.59897388439632,NaN,0.390633331748982,0.23838889164757,0.212668611868703
37,37,190,08-Jan-2024 08:23:50,55.0888168333333,14.396055,21.4,4.99622122489056,NaN,0.380255938394928,0.24461626118343,0.223295961990978
37,37,590,08-Jan-2024 09:54:21,55.0942323333333,14.3783213333333,21.8,10.997845494791,1.0649269373343,0.401181118527045,0.267084511237226,0.237939054482168
38,38,190,08-Jan-2024 10:21:33,55.0942323333333,14.3783213333333,25.8,11.9650465227068,1.08511521135557,0.390371271406381,0.220830402656544,0.192168884077689
38,38,590,12-Jan-2024 12:35:32,55.1077561666667,14.3994393333333,17,11.0967272492472,1.12081872096073,0.404809083141706,0.235702308272222,0.202415529957245
39,39,190,12-Jan-2024 13:05:14,55.1077561666667,14.3994393333333,18.8,9.40951985442748,1.130606560698,0.396329815436867,0.21506507984343,NaN
39,39,590,17-Jan-2024 12:31:31,55.1824141666667,14.5713333333333,24,12.1486681763059,NaN,0.385563299940711,0.225940446185196,0.192861368959532
40,40,190,17-Jan-2024 13:03:46,55.1824141666667,14.5713333333333,29.8,10.3698561793283,NaN,NaN,0.202219369717289,0.172690887180809
40,40,590,22-Jan-2024 12:46:32,55.2052951666667,14.572354,39.8,12.480710793878,NaN,0.409863026155198,0.234563204191427,0.197019232086126
41,41,190,22-Jan-2024 13:14:59,55.2052951666667,14.572354,40,10.7226222037619,NaN,NaN,0.223258287828129,0.185432673829068
41,41,590,27-Jan-2024 12:46:56,55.3440503333333,14.5858831666667,35,13.573101376421,1.09708615634117,0.355777071738713,0.185454145704278,0.150967291132872
42,42,190,27-Jan-2024 13:12:09,55.3440503333333,14.5858831666667,33.4,12.0328808730223,1.0698107064117,0.35818891255717,0.189793177733368,0.155372352133047
42,42,590,01-Feb-2024 12:37:03,55.336435,14.5862381666667,38,15.4571022127341,NaN,0.394684825004264,0.221867826467387,NaN
43,43,190,01-Feb-2024 13:02:54,55.336435,14.5862381666667,38,14.0028814535585,NaN,0.412539009988355,0.246376545353788,NaN
43,43,590,06-Feb-2024 12:08:50,55.355997,14.5660921666667,29,18.0777529749762,NaN,0.372429388376498,0.199896373395605,0.168693209783397
44,44,190,06-Feb-2024 12:40:13,55.355997,14.5660921666667,36.8,16.7555346591766,1.02883248440059,0.402075910721379,0.218505935595367,0.187889481678763
44,44,590,07-Feb-2024 03:10:34,55.4223356666667,14.6029428333333,34.2,-30.2488479827656,NaN,NaN,NaN,NaN
45,45,190,07-Feb-2024 03:42:21,55.4223356666667,14.6029428333333,NaN,-25.8696447527968,NaN,NaN,NaN,NaN
45,45,590,07-Feb-2024 05:07:33,55.4071643333333,14.6031455,NaN,-13.8167138493681,NaN,NaN,NaN,NaN
46,46,190,07-Feb-2024 05:35:25,55.4071643333333,14.6031455,35,-9.91718746940036,NaN,NaN,NaN,NaN
46,46,590,07-Feb-2024 07:02:27,55.3944105,14.5935991666667,NaN,1.53619005220762,NaN,NaN,NaN,NaN
47,47,190,07-Feb-2024 07:29:52,55.3944105,14.5935991666667,35.4,4.7901922025662,1.32146717873292,0.462184498291473,0.246057366465211,0.18955388556348
47,47,590,07-Feb-2024 08:58:03,55.3783815,14.5786951666667,34.6,13.478734131279,NaN,0.497208453040458,0.274805618743675,0.213259594714402
48,48,190,07-Feb-2024 09:30:28,55.3783815,14.5786951666667,NaN,15.8022772656693,NaN,NaN,NaN,NaN
48,48,590,07-Feb-2024 10:56:31,55.3551766666667,14.5592188333333,NaN,19.1381370101649,NaN,NaN,NaN,NaN
49,49,190,07-Feb-2024 11:26:35,55.3551766666667,14.5592188333333,33.4,19.2261110282855,NaN,0.450784584291567,0.232631189431997,0.172562823405682
49,49,590,07-Feb-2024 12:54:34,55.3371611666667,14.5467558333333,NaN,16.2864997542221,NaN,NaN,NaN,NaN
50,50,190,07-Feb-2024 13:22:21,55.3371611666667,14.5467558333333,32.2,14.4311551136132,NaN,0.495325349649717,0.275442686728331,NaN
50,50,590,07-Feb-2024 14:49:03,55.320487,14.5354406666667,NaN,6.34842843902438,NaN,NaN,NaN,NaN
51,51,190,07-Feb-2024 15:18:24,55.320487,14.5354406666667,30.4,2.96861004283168,1.33917129195126,0.460857489173384,0.255576416060305,0.190538680047065
51,51,590,07-Feb-2024 16:47:20,55.3065065,14.5268078333333,27.2,-8.55367329472628,NaN,NaN,NaN,NaN
52,52,190,07-Feb-2024 17:14:34,55.3065065,14.5268078333333,28.4,-12.3384687540711,NaN,NaN,NaN,NaN
52,52,590,07-Feb-2024 18:42:33,55.294961,14.5209261666667,NaN,-24.787436614843,NaN,NaN,NaN,NaN
53,53,190,07-Feb-2024 19:09:50,55.294961,14.5209261666667,28.6,-28.5815401606134,NaN,NaN,NaN,NaN
53,53,590,07-Feb-2024 20:39:02,55.2868655,14.5195268333333,28,-39.9317758396097,NaN,NaN,NaN,NaN
54,54,190,07-Feb-2024 21:11:39,55.2868655,14.5195268333333,28.8,-43.3743582221823,NaN,NaN,NaN,NaN
54,54,590,07-Feb-2024 22:39:57,55.27571,14.5163346666667,NaN,-49.3585702494024,NaN,NaN,NaN,NaN
55,55,190,07-Feb-2024 23:08:45,55.27571,14.5163346666667,28.6,-49.9293778488369,NaN,NaN,NaN,NaN
55,55,590,08-Feb-2024 10:54:34,55.3005355,14.522823,29.4,19.477541830422,1.22726507890618,NaN,NaN,NaN
56,56,190,08-Feb-2024 11:21:41,55.3005355,14.522823,29.2,19.6197896425673,NaN,0.498838035996788,0.272667996498896,NaN
56,56,590,08-Feb-2024 12:52:34,55.2987498333333,14.533276,27.8,16.7508420783728,1.39634108968853,0.524543875579929,0.300527498680626,0.244396809761536
57,57,190,08-Feb-2024 13:20:18,55.2987498333333,14.533276,27.6,14.921523488686,1.34285760025236,0.494992366221582,0.268205832473497,NaN
57,57,590,08-Feb-2024 14:49:03,55.293453,14.5437013333333,26.8,6.64637304286687,1.46337293096158,0.527382764899237,0.271995268096573,NaN
58,58,190,08-Feb-2024 15:17:30,55.293453,14.5437013333333,26.6,3.36713202460368,NaN,0.507596325122473,0.287054228816093,0.229783282399489
58,58,590,08-Feb-2024 16:45:04,55.2807965,14.5488613333333,27.2,-7.98034599713982,NaN,NaN,NaN,NaN
59,59,190,08-Feb-2024 17:22:32,55.2807965,14.5488613333333,28.6,-13.2046273547881,NaN,NaN,NaN,NaN
59,59,590,08-Feb-2024 18:48:33,55.2676406666667,14.5482971666667,27,-25.385394940213,NaN,NaN,NaN,NaN
60,60,190,08-Feb-2024 19:15:25,55.2676406666667,14.5482971666667,27.2,-29.102212155744,NaN,NaN,NaN,NaN
60,60,590,08-Feb-2024 20:42:02,55.2587946666667,14.5440353333333,27,-40.0130233036931,NaN,NaN,NaN,NaN
61,61,190,08-Feb-2024 21:08:33,55.2587946666667,14.5440353333333,27,-42.8076370405508,NaN,NaN,NaN,NaN
61,61,590,08-Feb-2024 22:34:34,55.2497236666667,14.5372608333333,25.2,-48.8836162515694,NaN,NaN,NaN,NaN
62,62,190,08-Feb-2024 23:02:57,55.2497236666667,14.5372608333333,26.8,-49.5865749525721,NaN,NaN,NaN,NaN
62,62,590,09-Feb-2024 00:29:03,55.2417465,14.531606,25.2,-47.258005832976,NaN,NaN,NaN,NaN
63,63,190,09-Feb-2024 00:57:24,55.2417465,14.531606,25.2,-45.1577139010417,NaN,NaN,NaN,NaN
63,63,590,09-Feb-2024 02:23:33,55.2342916666667,14.5278176666667,25.8,-35.9833948813902,NaN,NaN,NaN,NaN
64,64,190,09-Feb-2024 02:54:31,55.2342916666667,14.5278176666667,26.8,-31.994459770407,NaN,NaN,NaN,NaN
64,64,590,09-Feb-2024 04:19:36,55.2258235,14.5247438333333,NaN,-20.1745340266774,NaN,NaN,NaN,NaN
65,65,190,09-Feb-2024 04:45:55,55.2258235,14.5247438333333,27.4,-16.4171263928556,NaN,NaN,NaN,NaN
65,65,590,09-Feb-2024 06:12:29,55.219009,14.5244855,26,-4.33805495903533,NaN,NaN,NaN,NaN
66,66,190,09-Feb-2024 06:40:40,55.219009,14.5244855,26.8,-0.629696425267299,NaN,NaN,NaN,NaN
66,66,590,09-Feb-2024 08:02:34,55.212581,14.5206725,NaN,9.01339371553533,NaN,NaN,NaN,NaN
67,67,190,09-Feb-2024 08:30:45,55.212581,14.5206725,28.8,11.8046900565027,NaN,NaN,NaN,NaN
67,67,590,09-Feb-2024 09:57:03,55.2082036666667,14.5178261666667,26.8,18.0522763005529,NaN,NaN,NaN,NaN
68,68,190,09-Feb-2024 10:25:37,55.2082036666667,14.5178261666667,24,19.2172863714427,NaN,NaN,NaN,NaN
68,68,590,09-Feb-2024 11:51:20,55.2041403333333,14.5153248333333,20.6,19.6540489941215,NaN,NaN,NaN,NaN
69,69,190,09-Feb-2024 12:17:14,55.2041403333333,14.5153248333333,22,18.870616857983,NaN,NaN,NaN,NaN
69,69,590,09-Feb-2024 13:42:57,55.2005451666667,14.5143041666667,NaN,13.5235024380247,NaN,NaN,NaN,NaN
70,70,190,09-Feb-2024 14:10:04,55.2005451666667,14.5143041666667,17.8,11.0619117922194,NaN,NaN,NaN,NaN
70,70,590,09-Feb-2024 15:35:58,55.201258,14.5176243333333,20.6,1.44612594041782,NaN,NaN,NaN,NaN
71,71,190,09-Feb-2024 16:03:17,55.201258,14.5176243333333,20,-2.04985351095025,NaN,NaN,NaN,NaN
71,71,590,09-Feb-2024 17:30:53,55.2056031666667,14.5283881666667,28.2,-14.1022729451337,NaN,NaN,NaN,NaN
72,72,190,09-Feb-2024 17:58:58,55.2056031666667,14.5283881666667,27.8,-18.0975089798266,NaN,NaN,NaN,NaN
72,72,590,11-Feb-2024 04:55:28,55.2086698333333,14.5349031666667,28,-14.5346064735198,NaN,NaN,NaN,NaN
73,73,190,11-Feb-2024 05:22:33,55.2086698333333,14.5349031666667,29.4,-10.694799903811,NaN,NaN,NaN,NaN
73,73,590,11-Feb-2024 07:12:04,55.2019248333333,14.527948,28,3.86134031254115,NaN,NaN,NaN,NaN
74,74,190,11-Feb-2024 07:38:38,55.2019248333333,14.527948,28.4,6.98704453081448,NaN,NaN,NaN,NaN
74,74,590,11-Feb-2024 09:26:21,55.1968011666667,14.5231831666667,27.8,16.905569969104,NaN,NaN,NaN,NaN
75,75,190,11-Feb-2024 09:51:41,55.1968011666667,14.5231831666667,27.6,18.4222784802034,NaN,NaN,NaN,NaN
75,75,590,11-Feb-2024 11:16:58,55.1917078333333,14.5173443333333,26.2,20.7035428546405,NaN,NaN,NaN,NaN
76,76,190,11-Feb-2024 11:43:02,55.1917078333333,14.5173443333333,26.2,20.4764073705305,NaN,NaN,NaN,NaN
76,76,590,11-Feb-2024 13:04:09,55.1859738333333,14.5155375,25.8,17.0770301085636,NaN,NaN,NaN,NaN
77,77,190,11-Feb-2024 13:31:35,55.1859738333333,14.5155375,28,15.081686497377,NaN,NaN,NaN,NaN
77,77,590,11-Feb-2024 14:54:07,55.1838041666667,14.5158606666667,27,7.02187412069951,NaN,NaN,NaN,NaN
78,78,190,11-Feb-2024 15:19:44,55.1838041666667,14.5158606666667,31.2,4.01806275516506,NaN,NaN,NaN,NaN
78,78,590,11-Feb-2024 16:43:28,55.181273,14.5185736666667,30.4,-6.91272769881563,NaN,NaN,NaN,NaN
79,79,190,11-Feb-2024 17:13:06,55.181273,14.5185736666667,31.6,-11.0497915285826,NaN,NaN,NaN,NaN
79,79,590,11-Feb-2024 18:35:21,55.178652,14.5247165,28.8,-22.7364428227705,NaN,NaN,NaN,NaN
80,80,190,11-Feb-2024 19:05:26,55.178652,14.5247165,31.6,-26.9348032296008,NaN,NaN,NaN,NaN
80,80,590,16-Feb-2024 13:07:33,55.186559,14.5306788333333,10,18.4575232224076,NaN,NaN,NaN,NaN
81,81,190,16-Feb-2024 13:33:53,55.186559,14.5306788333333,9.6,16.4712505494222,NaN,NaN,NaN,NaN
81,81,590,21-Feb-2024 13:03:53,55.195079,14.5318043333333,19.4,20.3704631301006,NaN,NaN,NaN,NaN
82,82,190,21-Feb-2024 13:29:44,55.195079,14.5318043333333,20,18.436591316498,NaN,NaN,NaN,NaN
82,82,590,26-Feb-2024 12:35:02,55.1908321666667,14.5267366666667,20,23.8574274662149,NaN,NaN,NaN,NaN
83,83,190,26-Feb-2024 13:32:14,55.1908321666667,14.5267366666667,23,19.9074754892797,1.02918090049109,0.374903551369365,0.212071915865977,0.180773987661682
83,83,590,02-Mar-2024 12:35:04,55.1956045,14.532894,9.2,25.6480518458575,1.03518020630038,0.364584172532556,0.194259063326815,0.160495185137633
84,84,190,02-Mar-2024 13:00:28,55.1956045,14.532894,9.6,24.0763374833699,1.03510103758332,0.379759322353936,0.208527087795923,0.173677756450941
84,84,590,07-Mar-2024 13:16:33,55.2061478333333,14.5377911666667,26.8,24.621680843855,1.00729497761369,0.376105035780745,NaN,NaN
85,85,190,07-Mar-2024 13:43:13,55.2061478333333,14.5377911666667,27.8,22.3014290479951,1.05002477970217,0.396522335523231,0.230449590272214,NaN
85,85,590,12-Mar-2024 13:12:26,55.2167183333333,14.5421126666667,29.6,26.6930859143742,0.937207692277632,0.384530515649269,0.221086629876391,0.177010647396845
86,86,190,12-Mar-2024 13:38:19,55.2167183333333,14.5421126666667,32,24.4466129084652,0.979178789010296,0.38347176017673,0.224381411288967,0.182183264110305
86,86,590,17-Mar-2024 13:06:02,55.217701,14.5332891666667,7.6,28.9635186363231,1.24679788521786,NaN,NaN,NaN
87,87,190,17-Mar-2024 13:31:12,55.217701,14.5332891666667,9.6,26.8117149272037,1.29070501537319,0.5624938274792,NaN,NaN
87,87,590,22-Mar-2024 12:39:48,55.2201766666667,14.5279978333333,23,32.6427757938571,NaN,0.390295600239669,0.225295677938962,0.18286755962595
88,88,190,22-Mar-2024 13:08:26,55.2201766666667,14.5279978333333,22,30.5215826664816,1.09081560708773,0.418215473656105,0.232910718714957,0.186794520382174
88,88,590,27-Mar-2024 12:39:35,55.2243623333333,14.542936,5.2,34.4408820258961,1.2321263424978,0.565947286387573,NaN,NaN
89,89,190,27-Mar-2024 13:05:05,55.2243623333333,14.542936,9.4,32.5182814478953,1.23030456042673,0.558497973452439,0.349894783035835,NaN
89,89,590,01-Apr-2024 12:33:26,55.2266138333333,14.547352,7.6,36.6173803374623,1.12872432357652,0.477324252284444,0.276698523892621,0.206851828378053
90,90,190,01-Apr-2024 12:57:59,55.2266138333333,14.547352,9.6,34.806484349781,1.14702412489715,0.495200935437314,0.306326146825761,0.250240481149535
90,90,590,06-Apr-2024 13:17:27,55.2382368333333,14.551137,7,34.7341328876923,1.25278365989359,NaN,NaN,NaN
91,91,190,06-Apr-2024 13:47:24,55.2382368333333,14.551137,9,31.6879878817091,1.18427908977413,0.562874240252339,NaN,NaN
91,91,590,11-Apr-2024 12:28:52,55.2409273333333,14.5585043333333,7,40.3411956059003,1.0207767245478,0.395860253033265,0.213284795087915,0.153599312594234
92,92,190,11-Apr-2024 12:53:21,55.2409273333333,14.5585043333333,9.8,38.4878621902129,NaN,0.432877756628547,0.24891580287623,0.188970318332773
92,92,590,16-Apr-2024 12:44:58,55.2423748333333,14.5566843333333,18.2,40.7669973842856,NaN,0.444172854757476,0.249271994581533,0.18732566390494
93,93,190,16-Apr-2024 13:11:10,55.2423748333333,14.5566843333333,24.6,38.4497261987394,NaN,0.4260768696819,0.241153055774366,0.18118806917984
93,93,590,21-Apr-2024 12:55:02,55.2427936666667,14.5486005,9.4,41.4409185388666,1.09878172721409,0.446483990099648,NaN,NaN
94,94,190,21-Apr-2024 13:18:57,55.2427936666667,14.5486005,12.4,39.1556447779901,1.07823769808652,0.448276334724228,NaN,NaN
94,94,590,26-Apr-2024 12:58:26,55.2540815,14.5622971666667,20,42.5590734227026,0.948090861132103,0.358251371004751,0.188742897130929,NaN
95,95,190,26-Apr-2024 13:22:37,55.2540815,14.5622971666667,23,40.1533786694355,1.0164218351011,0.363999348685305,0.196174862657969,NaN
95,95,590,01-May-2024 12:43:21,55.2624066666667,14.5652168333333,20.8,45.2787238554454,0.947058539547133,0.346384496203566,0.192142279723514,0.155915475789215
96,96,190,01-May-2024 13:08:32,55.2624066666667,14.5652168333333,24.4,42.9255197019934,0.955776092625864,0.356869319815636,0.199988424666778,0.162525325286459
96,96,590,06-May-2024 13:10:35,55.2618565,14.5690355,5.8,43.9755066738278,1.06606229604543,0.454547683339205,0.261307403757485,0.202686931780148
97,97,190,06-May-2024 13:34:12,55.2618565,14.5690355,9.6,41.4013672300146,1.06529968044367,0.477525014033787,0.283232606143506,0.219805202680901
97,97,590,11-May-2024 12:36:57,55.2602383333333,14.5720948333333,10,48.350696659431,0.991301938314949,0.421646160800453,NaN,NaN
98,98,190,11-May-2024 12:59:06,55.2602383333333,14.5720948333333,10,46.3107922667176,0.982556141577576,0.434112975217763,NaN,NaN
98,98,590,16-May-2024 12:49:04,55.2651945,14.567809,7.2,48.3732149744955,0.979775776501111,0.398706325482023,NaN,NaN
99,99,190,16-May-2024 13:13:33,55.2651945,14.567809,8,45.8984995520775,1.00106290529925,NaN,NaN,NaN
99,99,590,21-May-2024 12:50:04,55.270991,14.5638081666667,16.4,49.2691418486258,0.983843918840566,0.453739519783635,0.278614104949132,0.189974875154216
100,100,190,21-May-2024 13:12:19,55.270991,14.5638081666667,19.4,46.9996890638286,1.00672225248406,0.446408759167314,0.288403780074563,0.197664338685619
100,100,590,26-May-2024 12:58:04,55.2777041666667,14.559578,6,49.3573815799115,1.07220385531365,0.495060989518282,0.301548632313974,NaN
101,101,190,26-May-2024 13:21:52,55.2777041666667,14.559578,8.2,46.8003710356722,1.02442811074933,0.487746408485609,NaN,NaN
101,101,590,31-May-2024 13:08:33,55.2850843333333,14.557494,10.8,49.01183235316,1.18952597611807,0.731638192057097,0.503614857062776,0.329675192975949
102,102,190,31-May-2024 13:30:11,55.2850843333333,14.557494,10,46.577925883661,1.10373236709435,0.675633094448002,0.439752997751107,0.257516286371346
102,102,590,05-Jun-2024 12:42:05,55.2893501666667,14.5616033333333,10.8,52.2815513209673,NaN,NaN,NaN,NaN
103,103,190,05-Jun-2024 13:03:45,55.2893501666667,14.5616033333333,10.4,50.1392537965268,1.12538389404353,0.64924229429217,NaN,NaN
103,103,590,10-Jun-2024 12:49:27,55.2964618333333,14.5743195,19.6,52.0659796938845,NaN,0.543122658868263,0.358808507805348,0.227898170974718
104,104,190,10-Jun-2024 13:12:17,55.2964618333333,14.5743195,18.6,49.7059836320488,NaN,0.528126312268927,0.373516359146322,0.235066906412224
104,104,590,15-Jun-2024 13:16:51,55.3089125,14.5918616666667,21.4,49.5368720513583,NaN,0.529176805134576,0.339680958219986,0.214594803757509
105,105,190,15-Jun-2024 13:41:02,55.3089125,14.5918616666667,20,46.710400271537,1.0022432225591,0.504264593814052,0.349981322036401,0.224960015033428
105,105,590,20-Jun-2024 11:52:57,55.4300158333333,14.6116756666667,12,56.7147746475551,1.11984308212777,0.481473287490648,0.289820527344685,NaN
106,106,190,20-Jun-2024 12:21:04,55.4300158333333,14.6116756666667,15.4,54.9264795691766,1.0342844944944,0.451659979359576,0.269507723279201,NaN
106,106,590,25-Jun-2024 11:51:56,55.3800748333333,15.1303495,17.8,56.6907520176041,1.03165207571842,0.516660651319481,0.323450991316936,0.226837023123851
107,107,190,25-Jun-2024 12:14:28,55.3800748333333,15.1303495,5.4,55.3104924123068,0.99414770903856,NaN,NaN,NaN
107,107,590,29-Jun-2024 11:49:33,55.2632121666667,15.4098613333333,10.6,56.7263478059989,1.04589879272479,0.517768272024005,0.326171391430194,0.2285474844737
108,108,190,29-Jun-2024 12:13:59,55.2632121666667,15.4098613333333,10,55.2503201307474,1.00122993575123,0.515150806230543,0.321625977707372,0.226177387552547
108,108,590,03-Jul-2024 11:49:33,55.3619526666667,15.4960716666667,16,56.3710317737855,1.04548376928234,0.532768477733183,0.341065039735005,0.257980100878958
109,109,190,03-Jul-2024 12:15:52,55.3619526666667,15.4960716666667,18.8,54.7849140828913,NaN,0.473996366629814,0.345236741674334,0.258803158795934
109,109,590,04-Jul-2024 09:48:55,55.3595551666667,15.4448828333333,18.2,54.6868960338827,NaN,0.539664399786157,0.346396767965278,0.261112020254429
110,110,190,04-Jul-2024 10:12:46,55.3595551666667,15.4448828333333,18.6,56.1523457020305,NaN,0.475680608181246,NaN,NaN
110,110,590,08-Jul-2024 03:48:51,55.4482838333333,15.310231,22.8,8.3661440539948,1.00082427097592,0.515806434226288,0.345079084292148,0.258379870549289
111,111,190,08-Jul-2024 04:13:26,55.4482838333333,15.310231,24,11.5128228325678,0.846289638538729,0.481466668074504,0.400477015983413,0.299152181905058
111,111,590,08-Jul-2024 05:46:20,55.4467268333333,15.3065523333333,23,24.2338875931414,1.11065989701344,0.569505383693389,0.365662513359669,0.280922063657502
112,112,190,08-Jul-2024 06:10:03,55.4467268333333,15.3065523333333,22.6,27.5909454942208,0.959909819816285,0.450742137591376,0.370460768990104,0.263393100284241
112,112,590,08-Jul-2024 07:42:21,55.4453763333333,15.3033256666667,20.6,40.4000415835587,1.13892664467546,0.559443030217907,0.344047724144006,0.255957072776906
113,113,190,08-Jul-2024 08:16:32,55.4453763333333,15.3033256666667,21,44.7825113599786,1.02612142968857,0.453319066403047,0.364329394470089,0.268423427999313
113,113,590,08-Jul-2024 09:48:37,55.4443961666667,15.3016671666667,21.8,54.1033173826497,1.0802580279429,0.559819095348282,0.345808240436906,0.259133570094857
114,114,190,08-Jul-2024 10:12:56,55.4443961666667,15.3016671666667,22.2,55.6086711965659,1.06922490425098,0.504622246121448,0.387809052667638,NaN
114,114,590,08-Jul-2024 11:44:36,55.4423053333333,15.2996281666667,21.6,56.0876239685442,1.08485099547194,0.559932665774003,0.350165851988665,0.26632595408187
115,115,190,08-Jul-2024 12:26:01,55.4423053333333,15.2996281666667,10,53.5948284010772,1.05991640940977,0.585689106597462,0.369502964842715,0.271295995266955
115,115,590,08-Jul-2024 13:58:33,54.9770303333333,14.2849553333333,23,44.6051647057635,1.13348923641178,0.635394110540458,0.394854736952264,0.306411760060145
116,116,190,08-Jul-2024 20:20:29,54.9770303333333,14.2849553333333,9.6,-4.80682247420575,NaN,NaN,NaN,NaN
116,116,590,09-Jul-2024 11:09:35,54.9801555,14.285368,5.4,57.2825058628164,1.19809538820748,0.618213411570503,0.392483716285729,0.26908187616853
117,117,190,09-Jul-2024 11:29:18,54.9801555,14.285368,5.8,57.0441622325683,1.10347883954661,NaN,NaN,NaN
117,117,590,10-Jul-2024 11:10:33,54.9828778333333,14.2817498333333,16.4,57.1500998291469,1.15494741167531,0.60184023086221,0.390366761038332,0.279432718778075
118,118,190,10-Jul-2024 11:33:36,54.9828778333333,14.2817498333333,8,56.8113603027771,1.08236850566964,0.623202930485537,0.428850581161733,NaN
118,118,590,15-Jul-2024 11:10:01,54.9835433333333,14.2811778333333,18.6,56.4170828484964,1.07646512830021,0.592159639618315,0.386062294870128,NaN
119,119,190,15-Jul-2024 11:39:40,54.9835433333333,14.2811778333333,10,55.9203278457699,1.08107719113466,0.579294029625167,0.36035088421685,0.257047855774903
119,119,590,20-Jul-2024 11:32:33,54.9849738333333,14.2882621666667,8.6,55.2481807636243,1.05278054098263,0.526803373271053,0.315275592795604,0.234621920409385
120,120,190,20-Jul-2024 11:55:57,54.9849738333333,14.2882621666667,9,54.4149674032415,1.01395585246367,0.519928364926879,0.312685367359211,NaN
120,120,590,25-Jul-2024 11:20:57,54.9853173333333,14.2994285,16.4,54.4309895548259,0.973613707446086,0.463824673539084,0.281964026122128,0.217165166014561
121,121,190,25-Jul-2024 11:43:10,54.9853173333333,14.2994285,16.4,53.9199683627565,0.918031362945548,0.462840749770213,0.287670325406457,NaN
121,121,590,30-Jul-2024 11:24:03,54.9835901666667,14.3020315,16,53.2277429813455,1.05117417734816,0.50959426670871,0.320583480562927,NaN
122,122,190,30-Jul-2024 11:44:03,54.9835901666667,14.3020315,9,52.7351031059787,1.02237567576491,NaN,NaN,NaN
122,122,590,04-Aug-2024 11:16:32,54.9846971666667,14.3067338333333,8.6,52.0195564491305,0.902207637400041,0.463467859884505,0.279428722014573,0.199782579545933
123,123,190,04-Aug-2024 11:37:10,54.9846971666667,14.3067338333333,10.4,51.6561333340126,0.931016465281752,0.458480382354276,0.278128817249236,0.19889896017733
123,123,590,09-Aug-2024 10:55:05,54.9878953333333,14.313958,8.8,50.5647617781698,0.948378598211734,0.475937904375281,0.280608294154891,0.200234820207828
124,124,190,09-Aug-2024 11:17:09,54.9878953333333,14.313958,12.8,50.603704775756,0.952894205758868,0.471958123258587,0.292842085545661,0.211003505249084
124,124,590,14-Aug-2024 11:06:26,54.9931158333333,14.3173741666667,16.2,49.1311738172304,1.03436644037087,0.495243133805133,0.309039963580854,0.21987720184828
125,125,190,14-Aug-2024 11:29:42,54.9931158333333,14.3173741666667,19.4,48.8949090770516,1.07100384429438,0.49128010207691,0.32340316706385,0.234795924200574
125,125,590,19-Aug-2024 10:55:33,54.9947318333333,14.3168686666667,8,47.4798549857311,1.02349793084352,0.505586104734535,0.295777959821146,0.206217929812024
126,126,190,19-Aug-2024 11:23:52,54.9947318333333,14.3168686666667,9.4,47.3849691735709,0.994864055781663,0.490573834368209,0.298233576600685,NaN
126,126,590,24-Aug-2024 11:02:01,54.992961,14.3171058333333,13,45.8449848426071,1.01755279735965,NaN,NaN,NaN
127,127,190,24-Aug-2024 11:24:25,54.992961,14.3171058333333,15.6,45.6768583172804,0.986919150877279,0.455619302642564,NaN,NaN
127,127,590,29-Aug-2024 10:59:32,54.9888688333333,14.3119198333333,11.2,44.0920519183069,1.06699565768389,0.501626171600036,0.304777510657494,0.223059075411665
128,128,190,29-Aug-2024 11:26:39,54.9888688333333,14.3119198333333,11.4,43.8628924454298,0.974714987523152,0.479382685491037,NaN,NaN
128,128,590,03-Sep-2024 10:54:52,54.9878106666667,14.2981188333333,12,42.2647869989203,1.04854149194684,0.499868753013332,0.30729152367046,NaN
129,129,190,03-Sep-2024 11:16:57,54.9878106666667,14.2981188333333,11.8,42.1869096157154,1.06223646748108,0.504748498982835,0.312797055754146,0.214188007799028
129,129,590,08-Sep-2024 11:30:21,54.9885168333333,14.2878506666667,20.2,40.0456682825046,0.975915247317359,0.430003011092322,0.260792498022389,0.199517655981247
130,130,190,08-Sep-2024 11:52:09,54.9885168333333,14.2878506666667,21.4,39.3214752577947,0.970379649997959,0.416581752896466,0.278459235223387,0.212408027212305
130,130,590,13-Sep-2024 11:28:21,54.9920171666667,14.282737,21,38.1556809370254,0.96824088220979,0.465771017655719,0.292005292970091,0.224851752492895
131,131,190,13-Sep-2024 11:49:13,54.9920171666667,14.282737,20.6,37.4902017190897,0.990040952096963,0.4517896705959,0.288548081965406,0.213684194334949
131,131,590,18-Sep-2024 11:10:27,54.9910178333333,14.2744183333333,15.8,36.5126100514003,1.09829758582417,0.510958602099808,0.288523131573403,0.206193369252765
132,132,190,18-Sep-2024 11:30:49,54.9910178333333,14.2744183333333,9.8,36.1316289997882,1.04994361828505,0.548280505090612,0.335756230121263,0.239703670952811
132,132,590,23-Sep-2024 11:39:50,54.9945876666667,14.2645665,12.6,33.8750028072184,0.997979378957671,0.496340156134103,0.29620857376502,0.223131809297466
133,133,190,23-Sep-2024 12:07:38,54.9945876666667,14.2645665,10,32.6617085653738,1.0243968751109,0.511452767852822,0.305665352999037,0.22683574412983
133,133,590,28-Sep-2024 11:39:04,54.9991995,14.2580461666667,19.8,31.9115194530324,NaN,NaN,NaN,NaN
134,134,190,28-Sep-2024 12:03:30,54.9991995,14.2580461666667,23.6,30.8803807677009,NaN,NaN,NaN,NaN
134,134,590,03-Oct-2024 11:16:27,55.0005446666667,14.2527321666667,20.6,30.5265941090891,NaN,0.465570462404608,0.271350849163993,0.203147151547733
135,135,190,03-Oct-2024 11:40:22,55.0005446666667,14.2527321666667,20.2,29.891413945558,NaN,0.473953864604355,0.274391194559476,0.205587670329187
135,135,590,08-Oct-2024 11:13:21,55.0028588333333,14.2345731666667,24.4,28.6419286579401,1.08341317449715,0.471043573828902,0.254439128062212,0.18683279836689
136,136,190,08-Oct-2024 11:38:05,55.0028588333333,14.2345731666667,25.8,28.0214187256823,1.0497618145426,0.452186478846703,0.27845239406003,0.209056709701995
136,136,590,13-Oct-2024 11:41:34,55.0071798333333,14.2226855,31.2,25.9894698403089,1.10881567103353,0.463658121340959,0.255931595237549,0.187964987875866
137,137,190,13-Oct-2024 12:06:12,55.0071798333333,14.2226855,32.4,24.9046466841083,NaN,NaN,0.268172173492806,0.201457659193652
137,137,590,18-Oct-2024 11:16:04,55.0097805,14.221097,29.4,24.8364450489522,1.12144907107425,0.520693738968189,0.308734939683733,0.231292009783995
138,138,190,18-Oct-2024 11:38:20,55.0097805,14.221097,29,24.2450383697178,1.07705496620031,0.50320810658995,0.297979215450185,0.218366414161548
138,138,590,23-Oct-2024 11:07:20,55.0116566666667,14.219775,30.2,23.1920101203649,1.17705470925232,0.507047237664845,0.297258315632841,0.22815058447945
139,139,190,23-Oct-2024 11:29:05,55.0116566666667,14.219775,29.6,22.7419455825099,1.07743498633242,0.492726210241598,0.294363519323497,0.216686042581742
139,139,590,28-Oct-2024 11:25:32,55.014252,14.221937,27.8,21.1275763468197,1.11836815608119,0.50207935829665,0.289469685801674,0.215215249529205
140,140,190,28-Oct-2024 11:49:20,55.014252,14.221937,29.2,20.3454430360439,1.06263884712543,0.484648562622049,0.299574535489528,0.216821782860681
140,140,590,02-Nov-2024 12:25:55,55.0168558333333,14.2341383333333,35.6,16.8939682025703,1.15970547060582,0.546701409930779,0.323199074473898,0.235644050423092
141,141,190,02-Nov-2024 12:56:06,55.0168558333333,14.2341383333333,35.8,14.8085790604021,1.17553717762859,0.53524619592721,0.319423800225609,0.235642770032399
141,141,590,07-Nov-2024 12:14:03,55.0229933333333,14.2383886666667,5,16.1047363536251,1.1680128204498,0.544667712640131,0.325933023180451,0.240360335335598
142,142,190,07-Nov-2024 12:35:15,55.0229933333333,14.2383886666667,9.8,14.84781312108,1.13399035792492,0.507338477067478,0.301026133422707,0.22310374412427
142,142,590,12-Nov-2024 12:05:04,55.0251851666667,14.2371821666667,8.8,15.2139450806843,1.07673747436993,0.482880059482064,0.27344880703311,0.189881317936495
143,143,190,12-Nov-2024 12:28:16,55.0251851666667,14.2371821666667,9.6,13.9661741816604,1.11838296727733,0.502811149816776,0.298111606823554,0.222129874209801
143,143,590,17-Nov-2024 12:37:20,55.026642,14.2470635,25,12.2303566747867,1.11493637091918,0.437796334148659,0.245309721701304,NaN
144,144,190,17-Nov-2024 13:01:33,55.026642,14.2470635,31,10.5383296494754,NaN,NaN,0.301138932067385,0.228050509827174
144,144,590,22-Nov-2024 12:20:03,55.0385513333333,14.2685465,6.4,12.2064000144602,1.11853298211335,0.486947064686207,0.271236034815369,0.18065048822156
145,145,190,22-Nov-2024 12:43:28,55.0385513333333,14.2685465,13.4,10.8141832156069,1.16146975523739,0.502701612081068,0.295306694236449,0.213609616378601
145,145,590,27-Nov-2024 12:18:56,55.0446216666667,14.2900358333333,16.8,11.389636863286,1.07919195224486,0.427240379846315,0.242052846349366,0.184997938916642
146,146,190,27-Nov-2024 12:42:43,55.0446216666667,14.2900358333333,16,10.019486322678,1.24445281184147,0.473189029493441,0.26248433183161,0.19671131041423
146,146,590,02-Dec-2024 12:32:23,55.0390593333333,14.3052788333333,16.6,9.982191668346,NaN,0.513674282981074,0.284015690685313,0.214382995285566
147,147,190,02-Dec-2024 12:58:18,55.0390593333333,14.3052788333333,16.4,8.33198878746765,1.17688912422545,0.504810946560764,0.276501548161232,0.212273456301956
147,147,590,03-Dec-2024 12:03:57,55.0337473333333,14.3246193333333,14.8,11.2686963713362,1.20570153513199,0.523939448810622,0.298344369536039,0.223941486953125
148,148,190,04-Dec-2024 00:03:45,55.0337473333333,14.3246193333333,21.2,-54.6647370342582,NaN,NaN,NaN,NaN
148,148,590,08-Dec-2024 12:35:32,55.06164,14.3371996666667,14.4,9.21167681295106,1.09652882067214,0.37414071713714,0.195263053040613,0.154746830323443
149,149,190,08-Dec-2024 13:02:31,55.06164,14.3371996666667,16,7.48994330629089,NaN,0.371338766823447,0.181376204929372,0.141928621193622
149,149,590,13-Dec-2024 12:31:55,55.0728196666667,14.3350708333333,9,9.14023922606733,1.06464373279419,0.408694678984196,NaN,NaN
150,150,190,13-Dec-2024 13:02:03,55.0728196666667,14.3350708333333,9.8,7.29163567154502,1.11278850421244,0.425027955996857,NaN,NaN
150,150,590,18-Dec-2024 12:33:33,55.0786628333333,14.343323,33.6,8.97171859111592,NaN,0.379388991044495,0.210066258300341,0.166564559492777
151,151,190,18-Dec-2024 13:00:12,55.0786628333333,14.343323,33.6,7.37446630008353,NaN,0.425030423025545,0.225979874051073,0.174911829151911
151,151,590,23-Dec-2024 12:10:34,55.0795825,14.3533273333333,29.8,10.132451909301,NaN,0.379521775226377,0.195113288388224,0.159791902031974
152,152,190,23-Dec-2024 12:36:51,55.0795825,14.3533273333333,30.6,8.91073035727486,1.02471901534246,0.358892758424012,0.183981381471271,0.15055508356994
152,152,590,28-Dec-2024 12:09:33,55.0790523333333,14.3545536666667,21,10.4460149430791,1.03482459293665,0.376769916823924,0.204351655525338,0.172264885577997
153,153,190,28-Dec-2024 12:38:55,55.0790523333333,14.3545536666667,20.4,9.10940470310609,1.0132160069619,0.359123068708405,0.198481194421245,0.165825386823932
153,153,590,02-Jan-2025 12:20:57,55.0733853333333,14.3538975,40,10.4601446304203,NaN,0.348630274090595,0.180138672403038,0.135056580775841
154,154,190,02-Jan-2025 12:46:11,55.0733853333333,14.3538975,40.8,9.21272448439565,NaN,0.364327686602449,0.209171886207552,NaN
154,154,590,07-Jan-2025 11:36:58,55.069544,14.3567671666667,29.6,12.3942104930419,0.984861549691645,0.377237537987323,0.204781457050994,NaN
155,155,190,07-Jan-2025 12:07:05,55.069544,14.3567671666667,32.8,11.6352593531353,1.05265482328411,0.375861546414929,0.198672285898022,0.162873053038698
155,155,590,12-Jan-2025 11:33:34,55.0701115,14.353815,19.2,13.2193463959608,1.06550761816543,0.344399407181403,0.18317165014623,0.153182431160206
156,156,190,12-Jan-2025 11:57:57,55.0701115,14.353815,20,12.7185660985974,0.979593284033636,0.369325663461886,0.207327563362434,0.17440195545117
156,156,590,17-Jan-2025 12:30:02,55.0740735,14.349544,30.2,12.5179635053505,NaN,0.359177120488587,0.193478070128384,0.166489154647499
157,157,190,17-Jan-2025 12:58:47,55.0740735,14.349544,32.6,10.9917619100787,NaN,0.362407709569778,0.206846733600924,0.176473841011301
157,157,590,22-Jan-2025 12:20:33,55.0787716666667,14.3493263333333,11.4,14.0444082583462,1.05648718466579,0.373665758247725,0.212390159134235,0.17561948313302
158,158,190,22-Jan-2025 12:52:19,55.0787716666667,14.3493263333333,15.4,12.5049462227925,1.03957058507479,0.363196746186274,0.198684474901149,0.166042211816943
158,158,590,27-Jan-2025 11:39:26,55.0826975,14.3457691666667,27.4,16.417289860337,NaN,NaN,NaN,NaN
159,159,190,27-Jan-2025 12:10:17,55.0826975,14.3457691666667,28.2,15.6763176194009,NaN,0.358138539051232,0.192291714332988,0.158397738675439
159,159,590,01-Feb-2025 11:42:02,55.0882691666667,14.334264,12.6,17.7535058746052,1.00452698714335,0.37366399719289,0.216773596226655,0.193091146450539
160,160,190,01-Feb-2025 12:11:16,55.0882691666667,14.334264,24.6,17.0243144920079,0.975372715448948,0.342663329223467,0.183178676305266,0.152481073115158
160,160,590,06-Feb-2025 12:13:56,55.0984986666667,14.3270891666667,19.8,18.4190450576654,1.02192373326577,0.350001263631009,0.194885162273669,0.169061965150591
161,161,190,06-Feb-2025 12:39:22,55.0984986666667,14.3270891666667,20.4,17.3184135858202,0.949978185480029,0.357292896409076,0.196965555416105,0.164651502804065
161,161,590,11-Feb-2025 12:09:49,55.1074943333333,14.3327953333333,31,20.1457227620979,NaN,NaN,NaN,NaN
162,162,190,11-Feb-2025 12:34:35,55.1074943333333,14.3327953333333,33,19.125489330518,0.985217056461718,0.362481911357954,0.205737887820117,0.176170632797644
162,162,590,16-Feb-2025 12:15:51,55.1120476666667,14.3454556666667,38,21.5987943177588,0.988182517602912,0.362340995250899,0.195867043191739,0.167138432063481
163,163,190,16-Feb-2025 12:40:43,55.1120476666667,14.3454556666667,38.2,20.4588641659845,0.952014086120257,0.380018502457499,0.215439826363685,0.182646947470631
163,163,590,21-Feb-2025 12:05:22,55.1115843333333,14.3480151666667,29.2,23.7146802096713,NaN,0.345326443606824,0.190230461729866,0.157312486272313
164,164,190,21-Feb-2025 12:31:10,55.1115843333333,14.3480151666667,37.8,22.6643099707702,1.00163934509458,0.344406619481472,0.188795719245161,0.158208722363118
164,164,590,26-Feb-2025 11:59:28,55.1109141666667,14.3464683333333,32.8,25.709320070692,0.995777052155056,0.358327882791399,0.193258447335804,0.160730405231402
165,165,190,26-Feb-2025 12:34:15,55.1109141666667,14.3464683333333,34.8,24.2810595967322,1.01410949272414,0.367420909614256,0.198540287901489,0.163551176567001
165,165,590,03-Mar-2025 11:30:51,55.1120238333333,14.3596806666667,23.4,28.1696772492507,NaN,0.353255074333696,0.196325128056444,0.163944854569238
166,166,190,03-Mar-2025 12:03:19,55.1120238333333,14.3596806666667,26,27.4381217476507,0.936049448944953,0.374545073123264,NaN,NaN
166,166,590,08-Mar-2025 11:34:33,55.1120613333333,14.3735863333333,22.6,30.0405198128924,1.31355511520248,0.454787483407575,0.242725024119206,0.200808257666842
167,167,190,08-Mar-2025 12:08:00,55.1120613333333,14.3735863333333,9.8,29.143603241241,1.15202909828173,0.514667317303636,0.315597710560964,0.250928023507098
167,167,590,13-Mar-2025 12:14:50,55.1130845,14.378448,5.6,30.7389567998843,1.04529352981583,NaN,NaN,NaN
168,168,190,13-Mar-2025 12:41:08,55.1130845,14.378448,9.6,29.3317374979094,0.976258525610391,0.378427345341307,NaN,NaN
168,168,590,18-Mar-2025 11:36:51,55.1123383333333,14.3772568333333,13.2,33.8826409499779,0.942924988146552,NaN,NaN,NaN
169,169,190,18-Mar-2025 12:04:34,55.1123383333333,14.3772568333333,22.6,33.0605867249123,NaN,NaN,NaN,NaN
169,169,590,23-Mar-2025 12:14:33,55.1137323333333,14.3863365,25.2,34.494329692982,1.01315678686302,0.40780597687143,0.250198126781191,0.201378131033041
170,170,190,23-Mar-2025 12:42:44,55.1137323333333,14.3863365,25.8,32.852553877437,1.02635725111125,0.396609646133236,0.232713400639309,0.191548593679503
170,170,590,28-Mar-2025 12:19:28,55.1148078333333,14.3902171666667,21.2,36.0800784764912,0.924770337839683,0.376719508414386,0.220578737681271,0.181343318326256
171,171,190,28-Mar-2025 12:45:17,55.1148078333333,14.3902171666667,24,34.4519879433024,0.955909710863338,0.38480647900453,0.231819096214538,0.193056012869868
171,171,590,02-Apr-2025 12:01:34,55.1157205,14.3886818333333,7.6,38.7822969954796,NaN,NaN,NaN,NaN
172,172,190,02-Apr-2025 12:31:49,55.1157205,14.3886818333333,9.6,37.1308479115011,1.00088245127709,0.461803588496496,NaN,NaN
172,172,590,07-Apr-2025 11:46:03,55.1185583333333,14.3851573333333,8,41.2001763207469,0.957522934560126,0.39889404930484,0.225160536434575,0.182430029527425
173,173,190,07-Apr-2025 12:10:45,55.1185583333333,14.3851573333333,9.8,40.1304646402783,0.934077577732245,0.400363103408164,0.23599626041038,0.194620208023745
173,173,590,12-Apr-2025 11:45:32,55.1201551666667,14.385121,26,42.9994632441843,0.961577749764212,0.396204812197779,0.225276978014803,0.180138040370131
174,174,190,12-Apr-2025 12:18:00,55.1201551666667,14.385121,28.2,41.4431952217975,0.968372016482969,0.399869290610484,0.236315180717934,0.191504112730056
174,174,590,17-Apr-2025 12:13:52,55.122199,14.4014188333333,31,43.3447113160807,1.00061799442767,0.368972200964078,0.212766197628107,0.172915994457506
175,175,190,17-Apr-2025 12:38:17,55.122199,14.4014188333333,9.4,41.6799903406083,0.980562356660015,0.434523178482705,0.248842173319785,NaN
175,175,590,22-Apr-2025 11:39:02,55.1254045,14.408343,5.2,46.6018311721516,0.962134795584308,0.379198583371755,0.208393912197542,0.160050867930844
176,176,190,22-Apr-2025 12:03:07,55.1254045,14.408343,29.8,45.5540573548142,0.928206362263268,0.403415144390448,NaN,NaN
176,176,590,27-Apr-2025 12:09:27,55.1287706666667,14.4126118333333,24.2,46.7247775053049,0.90742935199418,0.396309810694951,0.232407344877294,0.17329511345788
177,177,190,27-Apr-2025 12:36:40,55.1287706666667,14.4126118333333,9.6,44.8120830312844,0.946628382878539,0.398137648586248,NaN,NaN
177,177,590,02-May-2025 11:05:36,55.130695,14.425587,15.4,50.3815896905815,0.880499134281181,0.378535747154884,0.220842614635329,0.175620946804936
178,178,190,02-May-2025 11:28:24,55.130695,14.425587,11.6,50.0072560238804,0.843132042247587,0.330589568965667,0.17854237536403,0.136047268567775
178,178,590,07-May-2025 10:42:32,55.1311191666667,14.4394103333333,20.6,51.694322938265,0.959518595837049,0.378594190960952,0.217213053160996,0.166524198381907
179,179,190,07-May-2025 11:04:48,55.1311191666667,14.4394103333333,21.8,51.8081932587827,0.909887387655778,0.384176571886466,0.230774190038404,0.176893823730993
179,179,590,12-May-2025 10:45:19,55.1319805,14.4445761666667,15.6,53.0426646614779,0.961872963833831,0.436944744795294,0.262189891175724,0.186691369605201
180,180,190,12-May-2025 11:06:45,55.1319805,14.4445761666667,10.8,53.1000688827827,0.974955049021742,0.456779556044295,0.269251854576997,0.184657807236055
180,180,590,17-May-2025 10:49:02,55.133726,14.4463548333333,23.8,54.2619800698207,0.919834383414571,0.426962565956463,0.26834851866325,0.206115560323174
181,181,190,17-May-2025 11:27:27,55.133726,14.4463548333333,25.6,53.8978204925337,0.913290626933489,0.411646375753906,0.2565758125087,0.195147654844099
181,181,590,22-May-2025 11:08:26,55.1351356666667,14.4499741666667,22.6,55.3051440023199,NaN,0.40110258745018,0.251801432494666,0.199210210341703
182,182,190,22-May-2025 11:29:25,55.1351356666667,14.4499741666667,23.2,54.8795025394043,NaN,NaN,NaN,NaN
182,182,590,27-May-2025 11:09:04,55.1368036666667,14.4574385,14.2,56.1970275800106,0.929693204268123,0.409881779818973,0.247837994067893,0.192444530538621
183,183,190,27-May-2025 11:32:48,55.1368036666667,14.4574385,24.2,55.6698648726511,0.881492166912102,0.410874862135441,0.275547121918255,0.217583668172561
183,183,590,01-Jun-2025 11:02:32,55.141511,14.464834,21.6,56.9790271727508,0.902621805818095,0.42555422880074,0.265369160229511,0.195032011678503
184,184,190,01-Jun-2025 11:25:51,55.141511,14.464834,19.2,56.6330081443369,0.956778494727331,0.419154527031227,0.259813531709984,0.189002583931312
184,184,590,06-Jun-2025 11:01:03,55.1438831666667,14.464245,16.8,57.5609411588392,0.944089662453684,0.490307806766587,0.32066386833859,0.245579524100044
185,185,190,06-Jun-2025 11:25:00,55.1438831666667,14.464245,15.4,57.2522981300734,NaN,0.490838930454559,NaN,NaN
185,185,590,11-Jun-2025 11:06:02,55.1410645,14.4697066666667,24,57.9696350063477,NaN,0.399837159488086,0.246427693230633,0.188106563010043
186,186,190,11-Jun-2025 11:34:42,55.1410645,14.4697066666667,25.2,57.4021261982713,0.908291350250173,0.399410830765942,0.246505212270101,0.189740328316658
186,186,590,16-Jun-2025 10:59:32,55.1361846666667,14.4855451666667,7.8,58.223476000174,0.862184698858207,0.388833390595536,0.235403965758224,0.181937629492436
187,187,190,16-Jun-2025 11:41:07,55.1361846666667,14.4855451666667,9.6,57.4439524832216,NaN,0.399341073882385,0.244308594941748,0.189404687764445
187,187,590,21-Jun-2025 10:48:03,55.1324691666667,14.5017258333333,9.6,58.1711729095433,0.867507692430432,0.394804113372618,0.231670533758116,0.168654689976806
188,188,190,21-Jun-2025 11:20:21,55.1324691666667,14.5017258333333,18.8,58.1590498991385,0.868897851454994,0.385610630769358,0.241133201901202,0.178735805851154
188,188,590,26-Jun-2025 11:10:20,55.1318035,14.509582,18.2,58.193137619184,0.889966304743072,0.390866675562764,0.23756352011266,0.185329065948677
189,189,190,26-Jun-2025 11:31:03,55.1318035,14.509582,16.4,57.8390668002281,0.876900900158037,0.390376496261995,0.236102656917238,0.180202234903818
189,189,590,01-Jul-2025 11:05:36,55.1338856666667,14.5078481666667,13.6,57.9380007197783,0.873132851607528,0.393662562613299,0.237018806226507,0.17296601427864
190,190,190,01-Jul-2025 11:26:44,55.1338856666667,14.5078481666667,8.2,57.7034370539789,0.881907711531389,0.383403744491347,0.230542426425947,0.165226997965855
190,190,590,06-Jul-2025 10:58:50,55.1357918333333,14.5121326666667,18.2,57.4659002242037,0.737841954568941,0.360963507343312,0.23627593785672,0.18338014804156
